<?xml version="1.0" encoding="UTF-8"?>
<!DOCTYPE configuration PUBLIC "-//mybatis.org//DTD Config 3.0//EN" "http://mybatis.org/dtd/mybatis-3-config.dtd">
<configuration>
    <settings>
        <setting name="useGeneratedKeys" value="true" />
         </settings>

	<environments default="development">
		<environment id="development">
			<transactionManager type="JDBC" />
            <dataSource type="POOLED">

                <!-- H2 in-memory mode -->
				<property name="driver" value="org.h2.Driver" />
				<property name="url" value="jdbc:h2:mem:test" />
				<property name="username" value="sa" />
				<property name="password" value="sa" />

                <!-- MySQL Sample Properties -->
                <!--<property name="driver" value="com.mysql.jdbc.Driver" />-->
                <!--<property name="url" value="jdbc:mysql://localhost/fingw?autoCommit=true" />-->
                <!--<property name="username" value="root" />-->
                <!--<property name="password" value="" />-->


            </dataSource>
		</environment>
	</environments>
</configuration>